[{"model": "admin.logentry", "pk": 1, "fields": {"action_time": "2025-06-07T19:38:27.439Z", "user": 1, "content_type": 3, "object_id": "1", "object_repr": "Bibliothécaire", "action_flag": 1, "change_message": "[{\"added\": {}}]"}}, {"model": "auth.permission", "pk": 1, "fields": {"name": "Can add log entry", "content_type": 1, "codename": "add_logentry"}}, {"model": "auth.permission", "pk": 2, "fields": {"name": "Can change log entry", "content_type": 1, "codename": "change_logentry"}}, {"model": "auth.permission", "pk": 3, "fields": {"name": "Can delete log entry", "content_type": 1, "codename": "delete_logentry"}}, {"model": "auth.permission", "pk": 4, "fields": {"name": "Can view log entry", "content_type": 1, "codename": "view_logentry"}}, {"model": "auth.permission", "pk": 5, "fields": {"name": "Can add permission", "content_type": 2, "codename": "add_permission"}}, {"model": "auth.permission", "pk": 6, "fields": {"name": "Can change permission", "content_type": 2, "codename": "change_permission"}}, {"model": "auth.permission", "pk": 7, "fields": {"name": "Can delete permission", "content_type": 2, "codename": "delete_permission"}}, {"model": "auth.permission", "pk": 8, "fields": {"name": "Can view permission", "content_type": 2, "codename": "view_permission"}}, {"model": "auth.permission", "pk": 9, "fields": {"name": "Can add group", "content_type": 3, "codename": "add_group"}}, {"model": "auth.permission", "pk": 10, "fields": {"name": "Can change group", "content_type": 3, "codename": "change_group"}}, {"model": "auth.permission", "pk": 11, "fields": {"name": "Can delete group", "content_type": 3, "codename": "delete_group"}}, {"model": "auth.permission", "pk": 12, "fields": {"name": "Can view group", "content_type": 3, "codename": "view_group"}}, {"model": "auth.permission", "pk": 13, "fields": {"name": "Can add content type", "content_type": 4, "codename": "add_contenttype"}}, {"model": "auth.permission", "pk": 14, "fields": {"name": "Can change content type", "content_type": 4, "codename": "change_contenttype"}}, {"model": "auth.permission", "pk": 15, "fields": {"name": "Can delete content type", "content_type": 4, "codename": "delete_contenttype"}}, {"model": "auth.permission", "pk": 16, "fields": {"name": "Can view content type", "content_type": 4, "codename": "view_contenttype"}}, {"model": "auth.permission", "pk": 17, "fields": {"name": "Can add session", "content_type": 5, "codename": "add_session"}}, {"model": "auth.permission", "pk": 18, "fields": {"name": "Can change session", "content_type": 5, "codename": "change_session"}}, {"model": "auth.permission", "pk": 19, "fields": {"name": "Can delete session", "content_type": 5, "codename": "delete_session"}}, {"model": "auth.permission", "pk": 20, "fields": {"name": "Can view session", "content_type": 5, "codename": "view_session"}}, {"model": "auth.permission", "pk": 21, "fields": {"name": "Can add auteur", "content_type": 6, "codename": "add_auteur"}}, {"model": "auth.permission", "pk": 22, "fields": {"name": "Can change auteur", "content_type": 6, "codename": "change_auteur"}}, {"model": "auth.permission", "pk": 23, "fields": {"name": "Can delete auteur", "content_type": 6, "codename": "delete_auteur"}}, {"model": "auth.permission", "pk": 24, "fields": {"name": "Can view auteur", "content_type": 6, "codename": "view_auteur"}}, {"model": "auth.permission", "pk": 25, "fields": {"name": "Peut créer un auteur.", "content_type": 6, "codename": "creer_auteur"}}, {"model": "auth.permission", "pk": 26, "fields": {"name": "Peut modifier un auteur.", "content_type": 6, "codename": "modifier_auteur"}}, {"model": "auth.permission", "pk": 27, "fields": {"name": "Peut supprimer un auteur.", "content_type": 6, "codename": "supprimer_auteur"}}, {"model": "auth.permission", "pk": 28, "fields": {"name": "Can add tag", "content_type": 7, "codename": "add_tag"}}, {"model": "auth.permission", "pk": 29, "fields": {"name": "Can change tag", "content_type": 7, "codename": "change_tag"}}, {"model": "auth.permission", "pk": 30, "fields": {"name": "Can delete tag", "content_type": 7, "codename": "delete_tag"}}, {"model": "auth.permission", "pk": 31, "fields": {"name": "Can view tag", "content_type": 7, "codename": "view_tag"}}, {"model": "auth.permission", "pk": 32, "fields": {"name": "Peut créer un tag.", "content_type": 7, "codename": "creer_tag"}}, {"model": "auth.permission", "pk": 33, "fields": {"name": "Peut modifier un tag.", "content_type": 7, "codename": "modifier_tag"}}, {"model": "auth.permission", "pk": 34, "fields": {"name": "Peut supprimer un tag.", "content_type": 7, "codename": "supprimer_tag"}}, {"model": "auth.permission", "pk": 35, "fields": {"name": "Can add livre", "content_type": 8, "codename": "add_livre"}}, {"model": "auth.permission", "pk": 36, "fields": {"name": "Can change livre", "content_type": 8, "codename": "change_livre"}}, {"model": "auth.permission", "pk": 37, "fields": {"name": "Can delete livre", "content_type": 8, "codename": "delete_livre"}}, {"model": "auth.permission", "pk": 38, "fields": {"name": "Can view livre", "content_type": 8, "codename": "view_livre"}}, {"model": "auth.permission", "pk": 39, "fields": {"name": "Peut créer un livre.", "content_type": 8, "codename": "creer_livre"}}, {"model": "auth.permission", "pk": 40, "fields": {"name": "Peut modifier un livre.", "content_type": 8, "codename": "modifier_livre"}}, {"model": "auth.permission", "pk": 41, "fields": {"name": "Peut supprimer un livre.", "content_type": 8, "codename": "suppression_livre"}}, {"model": "auth.permission", "pk": 42, "fields": {"name": "Can add user", "content_type": 9, "codename": "add_user"}}, {"model": "auth.permission", "pk": 43, "fields": {"name": "Can change user", "content_type": 9, "codename": "change_user"}}, {"model": "auth.permission", "pk": 44, "fields": {"name": "Can delete user", "content_type": 9, "codename": "delete_user"}}, {"model": "auth.permission", "pk": 45, "fields": {"name": "Can view user", "content_type": 9, "codename": "view_user"}}, {"model": "auth.permission", "pk": 46, "fields": {"name": "Can add lecture", "content_type": 10, "codename": "add_lecture"}}, {"model": "auth.permission", "pk": 47, "fields": {"name": "Can change lecture", "content_type": 10, "codename": "change_lecture"}}, {"model": "auth.permission", "pk": 48, "fields": {"name": "Can delete lecture", "content_type": 10, "codename": "delete_lecture"}}, {"model": "auth.permission", "pk": 49, "fields": {"name": "Can view lecture", "content_type": 10, "codename": "view_lecture"}}, {"model": "auth.group", "pk": 1, "fields": {"name": "Bibliothécaire", "permissions": [25, 26, 27, 39, 40, 41, 32, 33, 34]}}, {"model": "contenttypes.contenttype", "pk": 1, "fields": {"app_label": "admin", "model": "logentry"}}, {"model": "contenttypes.contenttype", "pk": 2, "fields": {"app_label": "auth", "model": "permission"}}, {"model": "contenttypes.contenttype", "pk": 3, "fields": {"app_label": "auth", "model": "group"}}, {"model": "contenttypes.contenttype", "pk": 4, "fields": {"app_label": "contenttypes", "model": "contenttype"}}, {"model": "contenttypes.contenttype", "pk": 5, "fields": {"app_label": "sessions", "model": "session"}}, {"model": "contenttypes.contenttype", "pk": 6, "fields": {"app_label": "api", "model": "auteur"}}, {"model": "contenttypes.contenttype", "pk": 7, "fields": {"app_label": "api", "model": "tag"}}, {"model": "contenttypes.contenttype", "pk": 8, "fields": {"app_label": "api", "model": "livre"}}, {"model": "contenttypes.contenttype", "pk": 9, "fields": {"app_label": "api", "model": "user"}}, {"model": "contenttypes.contenttype", "pk": 10, "fields": {"app_label": "api", "model": "lecture"}}, {"model": "sessions.session", "pk": "0m257c8nns8kgvefkeralvf5dwmz6hl6", "fields": {"session_data": ".eJxVjDEOwyAQBP9CHSGQDfhSps8b0B3cBScRloxdWfl7bMlFUmyzM7ubirguJa6N5zhmdVVWXX47wvTieoD8xPqYdJrqMo-kD0WftOn7lPl9O92_g4Kt7GsXfO-I9rDpRHggAS8Ge8xdsMlBQBwIGMATik3JuywMxggjC4v6fAEEHjmZ:1uVv1u:uUBmD4YkL9xJ26VxBW30BvS1lQ9aSQyPYNLkz5f2peY", "expire_date": "2025-07-13T16:37:22.995Z"}}, {"model": "sessions.session", "pk": "276qbocpxqg8pit9ispv6d5fw9vjqp4k", "fields": {"session_data": ".eJxVjEsOwjAMBe-SNYpIRGzCkj1nqOzYpgWUSP2sKu4OlbqA7ZuZt7qOlrnvlknHbhB3ceAOvxtTeWrdgDyo3psvrc7jwH5T_E4nf2uir-vu_h30NPXfOp4jwQk5W2IFTXKMhiIoOZMFJLDAAGiMKQXKailCCZxBybAEcu8P-JY4sA:1uRURR:ndoP7wb_k6pbVPrfq5xkOirv04uLqZ_zPJHzvFrof9s", "expire_date": "2025-07-01T11:25:25.709Z"}}, {"model": "sessions.session", "pk": "6j5anpmu1ep5f47inosdcbbkq9ewwq9c", "fields": {"session_data": ".eJxVjEEOwiAQRe_C2pBQoDO4dO8ZCMwMtmogKe3KeHdt0oVu_3vvv1RM2zrFrcsSZ1ZnBer0u-VED6k74Huqt6ap1XWZs94VfdCur43leTncv4Mp9elbBw8oRqwbGS3kjOxsGL0BAUIYbMqIXIogkaMBClBg48CWLOLN6NT7A92aOAg:1uReY1:fDuAKN8RNjOv8kYLAYpNVQ9qdw3aiGOJdHCWId2DgR0", "expire_date": "2025-07-01T22:12:53.057Z"}}, {"model": "sessions.session", "pk": "g56zhokvybebqhnyoakmxs8j2eroizkq", "fields": {"session_data": ".eJxVjDEOwyAQBP9CHSGQDfhSps8b0B3cBScRloxdWfl7bMlFUmyzM7ubirguJa6N5zhmdVVWXX47wvTieoD8xPqYdJrqMo-kD0WftOn7lPl9O92_g4Kt7GsXfO-I9rDpRHggAS8Ge8xdsMlBQBwIGMATik3JuywMxggjC4v6fAEEHjmZ:1uYv0o:rjifXPNb2pTopNfiO21NhggpI5CNhLdP9NLTUHdWITs", "expire_date": "2025-07-21T23:12:38.875Z"}}, {"model": "sessions.session", "pk": "heklcvv13kkdjnly5tjnzl5lqkscpgxc", "fields": {"session_data": ".eJxVjDEOwyAQBP9CHSGQDfhSps8b0B3cBScRloxdWfl7bMlFUmyzM7ubirguJa6N5zhmdVVWXX47wvTieoD8xPqYdJrqMo-kD0WftOn7lPl9O92_g4Kt7GsXfO-I9rDpRHggAS8Ge8xdsMlBQBwIGMATik3JuywMxggjC4v6fAEEHjmZ:1uRXzZ:SXP43jAF-3ahMoBPKoGt-av21VfnqC7mD3SKTFx484w", "expire_date": "2025-07-01T15:12:53.845Z"}}, {"model": "sessions.session", "pk": "k6srjdwhkejvh1n2q0jylcf81jxa367w", "fields": {"session_data": ".eJxVjDEOwyAQBP9CHSGQDfhSps8b0B3cBScRloxdWfl7bMlFUmyzM7ubirguJa6N5zhmdVVWXX47wvTieoD8xPqYdJrqMo-kD0WftOn7lPl9O92_g4Kt7GsXfO-I9rDpRHggAS8Ge8xdsMlBQBwIGMATik3JuywMxggjC4v6fAEEHjmZ:1uNzFI:R5IWIUisdV6TfLL1PNr7YxNLlk8TvVDv-80QKeWxSoc", "expire_date": "2025-06-21T19:30:24.788Z"}}, {"model": "sessions.session", "pk": "koyk6yqz3vl8r2djtkdokw3fmve3cwt6", "fields": {"session_data": ".eJxVjDEOwyAQBP9CHSGQDfhSps8b0B3cBScRloxdWfl7bMlFUmyzM7ubirguJa6N5zhmdVVWXX47wvTieoD8xPqYdJrqMo-kD0WftOn7lPl9O92_g4Kt7GsXfO-I9rDpRHggAS8Ge8xdsMlBQBwIGMATik3JuywMxggjC4v6fAEEHjmZ:1uhT3f:fuoDY4H5CoMbMB3UawUB4mOkrGYloFdKSWpMlyQGyyY", "expire_date": "2025-08-14T13:10:55.868Z"}}, {"model": "sessions.session", "pk": "q9w0f96vvyh3p1v5yriceh0kmpwkehp0", "fields": {"session_data": ".eJxVjDsOwjAQBe_iGllO_ImXkp4zWLvrNQ6gRIqTCnF3iJQC2jcz76USbmtNW5MljVmdVVSn342QHzLtIN9xus2a52ldRtK7og_a9HXO8rwc7t9BxVa_dee9AxaPA7sgQx9tFCsMmaD3GC1g6IGNhI4DGjBUwBUjRMTWFUH1_gDh8jhz:1uVUM0:6jpKO3-SN9qmv8AFIm3qsrS85N21sH9KMI3kGv4vh4g", "expire_date": "2025-07-12T12:08:20.163Z"}}, {"model": "sessions.session", "pk": "rhbwbriaotszuamtjaidh1gedutehqgm", "fields": {"session_data": ".eJxVjMsOwiAQRf-FtSEyPKa4dN9vIMAMUjU0Ke3K-O_apAvd3nPOfYkQt7WGrfMSJhIXAeL0u6WYH9x2QPfYbrPMc1uXKcldkQftcpyJn9fD_TuosddvjYBRZSIkYA1-0MWSLs4zuJILJEXOAitlrPWMAxowybhzSUmh0x7F-wPiPTdZ:1uP5wy:8ykSzGw78-PrLum1vwt6A5O4PtwPei5ha_8SgRYEWIM", "expire_date": "2025-06-24T20:52:04.783Z"}}, {"model": "sessions.session", "pk": "rooippwsi2xlxprha3o663nnnm7pjtwu", "fields": {"session_data": ".eJxVjDsOwjAQBe_iGln-7NprSnrOENnrFQ4gR8qnQtwdIqWA9s3Me6khb2sbtkXmYazqrFCdfreS-SF9B_We-23SPPV1HoveFX3QRV-nKs_L4f4dtLy0b03JAURgZ9B6EuOoAqJzQIa9CcGjZbTZSwVISZhjEM5EhLHEyKTeH5cnNmk:1uQD1G:Rli8gqsEgIodldZ5YNJM3rVAgtcjMqyEzD7g1snHqqA", "expire_date": "2025-06-27T22:37:06.067Z"}}, {"model": "sessions.session", "pk": "rzdrbbhs46ciluqtxgaijir703dq8cvr", "fields": {"session_data": ".eJxVjDEOwyAQBP9CHSGQDfhSps8b0B3cBScRloxdWfl7bMlFUmyzM7ubirguJa6N5zhmdVVWXX47wvTieoD8xPqYdJrqMo-kD0WftOn7lPl9O92_g4Kt7GsXfO-I9rDpRHggAS8Ge8xdsMlBQBwIGMATik3JuywMxggjC4v6fAEEHjmZ:1uQ9xu:9_0BAeciRoJHBRJLAneArMjt_u6kVVNiemCdXOAh548", "expire_date": "2025-06-27T19:21:26.754Z"}}, {"model": "sessions.session", "pk": "wq70nk9u2qypgjhfrh6i6673zpphva2y", "fields": {"session_data": ".eJxVjMEOwiAQRP-FsyHQLmA9evcbyLILUjWQlPZk_Hdp0oPeJjPvzVt43NbstxYXP7O4iFGcfruA9IxlH_iB5V4l1bIuc5A7Io-1yVvl-Loe7N9Bxpa7rZVN52gMcdIGhh4paGdHIusSOJwgKEs4IUQ2TJHDwEYlC3aEbqD4fAHvCjhl:1uQ9wq:gUpkDtroZENHU_p8XahBZaVvHKJSuQQiY9vMi6C8154", "expire_date": "2025-06-27T19:20:20.874Z"}}, {"model": "sessions.session", "pk": "y66vukkbqmni9rk2mdqnnyhhp2r4syga", "fields": {"session_data": ".eJxVjDEOwyAQBP9CHSGQDfhSps8b0B3cBScRloxdWfl7bMlFUmyzM7ubirguJa6N5zhmdVVWXX47wvTieoD8xPqYdJrqMo-kD0WftOn7lPl9O92_g4Kt7GsXfO-I9rDpRHggAS8Ge8xdsMlBQBwIGMATik3JuywMxggjC4v6fAEEHjmZ:1uc1c4:SEwtkzGfzUUgG_13KR_Rzm36kUnwUyxiXq0G59eZASw", "expire_date": "2025-07-30T12:51:56.222Z"}}, {"model": "sessions.session", "pk": "z2wkrzre0xd3gvdxadnok5t07994c020", "fields": {"session_data": ".eJxVjDEOwyAQBP9CHSGQDfhSps8b0B3cBScRloxdWfl7bMlFUmyzM7ubirguJa6N5zhmdVVWXX47wvTieoD8xPqYdJrqMo-kD0WftOn7lPl9O92_g4Kt7GsXfO-I9rDpRHggAS8Ge8xdsMlBQBwIGMATik3JuywMxggjC4v6fAEEHjmZ:1ujBQF:2h_qL5aRbImN3QG4kfWQl-Ca-M0Zns1BsqtKU4KIxz8", "expire_date": "2025-08-19T06:45:19.130Z"}}, {"model": "api.auteur", "pk": 1, "fields": {"nom": "Osamu Dazai", "date_naissance": "1909-06-19", "date_mort": "1948-06-13", "biographie": null}}, {"model": "api.auteur", "pk": 2, "fields": {"nom": "Stephen King", "date_naissance": "1947-09-21", "date_mort": null, "biographie": null}}, {"model": "api.auteur", "pk": 3, "fields": {"nom": "George Orwell", "date_naissance": "1903-06-25", "date_mort": "1950-01-21", "biographie": null}}, {"model": "api.auteur", "pk": 4, "fields": {"nom": "Howard Phillips Lovecraft", "date_naissance": "1890-08-20", "date_mort": "1937-03-15", "biographie": "Sur la colline de la petite ville de Providence, le 15 mars 1937, disparaît un homme de moins de cinquante ans, un solitaire qui a toujours habité ces quelques mêmes rues, sauf deux ans à New York et, chaque printemps, d'étonnantes équipées de Québec jusqu'en Floride par trains et autobus.\r\n\r\nUn homme qui n'a jamais cessé d'écrire : passionné de sciences et d'astronomie dès son adolescence, il s'engouffre dans le monde du journalisme amateur. Passionné de poésie et de prose lyrique, avec une vénération pour Edgar Poe, il construit dès ses vingt ans, émergeant d'une longue période de claustration volontaire, les figures hors du monde qui pourraient les porter. Dormant le jour, écrivant la nuit, marcheur invétéré, se nourrissant trop souvent d'une boîte de haricots et de glaces à la vanille puisque ses moyens ne lui permettent guère plus, il ne verra jamais ses écrits imprimés dans un livre. Une vie usante, entre le bref mariage raté, les deux vieilles tantes rêvant encore à l'ancienne prospérité familiale, et un travail de réviseur-correcteur (on dirait nègre) pour quelques sous-faiseurs avides de réputation littéraire...\r\n\r\nBien sûr, tout cela à voir de plus près : la biographie américaine de référence (celle de S. T. Joshi) fait plus de mille cent pages.\r\n\r\nMais le premier mystère Lovecraft, c'est d'abord lui-même. Des dizaines de milliers de lettres et cartes postales, qui nous permettent de presque tout savoir de ses lectures, ses voyages. Et puis, à intervalles décousus, cette poignée de récits, longs de vingt ou soixante ou cent vingt pages, qu'il soumet à ces magazines dits pulp, avant l'âge de la science-fiction, où on le respecte mais dont la qualité de sa prose, son caractère éminemment littéraire, le sépare complètement et fait qu'il est constamment soumis à des refus méprisants.\r\n\r\nHoward Philips Lovecraft, d'autre part, rate tout le moderne. Son idéal politique : l'Amérique encore rurale et coloniale, au point de tomber dans tous les panneaux du racisme ou du populisme.\r\n\r\nEt pourtant... pourtant jamais, depuis les années 1950, il ne s'est éloigné du panthéon des auteurs les plus décisifs. Avec des variations : lorsqu'on a commencé à le traduire, on ne savait presque rien ni de lui, ni de son contexte biographique ou intellectuel, ni de la gestation mêmes des récits. Dans les années 1970, avec l'essor de la science-fiction, on en fait une sorte de précurseur génial, et on recompose l'œuvre à mesure qu'on empile les livres. Dans les années 1990, l'imagerie en plein euphorie créative de la bande dessinée, puis des jeux de rôle, s'appuie sur la mythologie souterraine certes présente chez Lovecraft, mais qui n'a été constituée comme telle qu'à titre posthume, par August Derleth.\r\n\r\nAlors peut-être que c'est maintenant, le moment.\r\n\r\nParce que nous savons mieux entrer dans l'atelier des écrivains les plus singuliers, et que nous concerne au premier chef d'entrer dans la fabrique même de l'œuvre. Nous le savons pour Proust ou pour Kafka, et la singularité de cet homme-là n'est pas moindre : la littérature vient là et se renverse. De Lovecraft, nous savons les livres de sa bibliothèque, la Remington 1906, la date des brouillons et reprises. Mais nous commençons tout juste à prendre en compte, dans notre lecture, l'essor des villes, le rôle des magazines, la montée des idéologies dans l'après Grande Dépression, ou le bouleversement qu'induisent les sciences, Einstein y compris.\r\n\r\nCe chantier est encore tout neuf, même aux États-Unis : versions révisées des textes, établissements encore incomplet de la gigantesques correcpondance, édition de l'ensemble des notes de voyages, carnets quotidiens, essais sur le suicide ou pages sur l'écriture elle-même.\r\n\r\nLorsque, dans son Rhode Island natal, cette petite Europe qui est un des premiers ancrages, entre Newport et Boston j'ai découvert la ville de Providence, et la rue où vivait Lovecraft, ça a été pour moi comme une évidence : le souvenir que j'avais de mes lectures adolescentes ne correspondait en rien à ce que j'en découvrais maintenant.\r\n\r\nL'aventure de la traduction a commencé là. Partir de ses propres préceptes sur la narration. Respecter ses constructions avec l'étrange point-virgule au milieu de la phrase. Respecter tous ces narrateurs qu'il construit précautionneusement, eux-mêmes délibérément maladroits dans la langue, et encore plus quand ils ne comprennent rien à ce qui leur arrive. Se garder d'arrondir les angles ou les nuances, même quand Lovecraft répète une assonance, un mot. Se laisser prendre à une terrible machine où jamais, dans un quelconque point du texte, n'est fourni un élément sans qu'il ait sa place nécessaire et unique dans la résolution finale du mystère.\r\n\r\nAlors nous y voilà.\r\n\r\nUn monde où toutes les peurs peuvent surgir du contexte le plus ordinaire et qui nous livre en même le plus étrange quotidien de l'Amérique début de siècle.\r\n\r\nDes monstres dans les replis de la mer ou les fonds reculés de la terre, la possibilité de traversées du temps, l'étonnement de mondes précédant le nôtre, ou coexistant dans le cosmos. La peur de l'autre, la folie tout auprès.\r\n\r\nMais tout cela au nom même d'un mystère autrement plus haut, celui de la littérature elle-même, ce qui nous fait en appeler au langage, au récit, à l'histoire qu'on vous raconte, pour tenir dans le désarroi du monde.\r\n\r\nCe sont ces récits que nous voulons à nouveau proposer, comme des échappées au temps, comme des trous dans l'abîme du présent.\r\n\r\nLa terreur, l'horreur, l'informe figure qui se montre dans le rêve, Lovecraft ne les éveille pas pour jouer. Il sait seulement que tout cela nous en disposons déjà, depuis l'enfance, ou dans l'inquiétude du quotidien. Il en est juste un formidable amplificateur.\r\n\r\nEt c'est ainsi qu'il est temps de le lire : parce que s'y joue définitivement une bascule majeure de la littérature.\r\n\r\nDe François Bon,  Introduction de Dagon et autres récits d'horreur."}}, {"model": "api.auteur", "pk": 5, "fields": {"nom": "Isaac Asimov", "date_naissance": "1920-01-02", "date_mort": "1992-04-06", "biographie": null}}, {"model": "api.auteur", "pk": 6, "fields": {"nom": "Sandy Petersen", "date_naissance": "1955-09-16", "date_mort": null, "biographie": null}}, {"model": "api.auteur", "pk": 7, "fields": {"nom": "Simon", "date_naissance": null, "date_mort": null, "biographie": null}}, {"model": "api.auteur", "pk": 8, "fields": {"nom": "Stephen Hawking", "date_naissance": "1942-01-08", "date_mort": "2018-03-14", "biographie": null}}, {"model": "api.auteur", "pk": 9, "fields": {"nom": "Nick Bostrom", "date_naissance": "1973-03-10", "date_mort": null, "biographie": ""}}, {"model": "api.auteur", "pk": 10, "fields": {"nom": "Franz Kafka", "date_naissance": "1884-07-03", "date_mort": "1924-06-03", "biographie": ""}}, {"model": "api.auteur", "pk": 11, "fields": {"nom": "Arthur Nersesian", "date_naissance": null, "date_mort": null, "biographie": ""}}, {"model": "api.auteur", "pk": 12, "fields": {"nom": "Edgar Allan Poe", "date_naissance": "1809-01-19", "date_mort": "1849-10-07", "biographie": ""}}, {"model": "api.auteur", "pk": 13, "fields": {"nom": "Jules Verne", "date_naissance": "1828-02-08", "date_mort": "1905-03-24", "biographie": ""}}, {"model": "api.auteur", "pk": 14, "fields": {"nom": "Scott Cawthon", "date_naissance": "1978-06-04", "date_mort": null, "biographie": ""}}, {"model": "api.auteur", "pk": 15, "fields": {"nom": "Kira Breed-Wrisley", "date_naissance": null, "date_mort": null, "biographie": ""}}, {"model": "api.auteur", "pk": 16, "fields": {"nom": "David Bessis", "date_naissance": null, "date_mort": null, "biographie": ""}}, {"model": "api.tag", "pk": 1, "fields": {"tag": "Roman", "pour_adulte": false, "modifiable": false}}, {"model": "api.tag", "pk": 2, "fields": {"tag": "Bande Dessinée", "pour_adulte": false, "modifiable": false}}, {"model": "api.tag", "pk": 3, "fields": {"tag": "Comics", "pour_adulte": false, "modifiable": false}}, {"model": "api.tag", "pk": 4, "fields": {"tag": "Manga", "pour_adulte": false, "modifiable": false}}, {"model": "api.tag", "pk": 5, "fields": {"tag": "Science-Fiction", "pour_adulte": false, "modifiable": true}}, {"model": "api.tag", "pk": 6, "fields": {"tag": "Amouranth", "pour_adulte": true, "modifiable": true}}, {"model": "api.tag", "pk": 7, "fields": {"tag": "Horreur", "pour_adulte": false, "modifiable": true}}, {"model": "api.tag", "pk": 8, "fields": {"tag": "Thriller", "pour_adulte": false, "modifiable": true}}, {"model": "api.tag", "pk": 9, "fields": {"tag": "Dark Fantasy", "pour_adulte": false, "modifiable": true}}, {"model": "api.tag", "pk": 10, "fields": {"tag": "Fantastique", "pour_adulte": false, "modifiable": true}}, {"model": "api.tag", "pk": 11, "fields": {"tag": "Roman Illustré", "pour_adulte": false, "modifiable": true}}, {"model": "api.tag", "pk": 12, "fields": {"tag": "Vulgarisation Scientifique", "pour_adulte": false, "modifiable": true}}, {"model": "api.tag", "pk": 13, "fields": {"tag": "Littérature", "pour_adulte": false, "modifiable": true}}, {"model": "api.livre", "pk": 1, "fields": {"nom": "Fondation", "date_sortie": "2009-03-26", "nombre_pages": 402, "synopsis": "En ce début de treizième millénaire, l'Empire n'a jamais été aussi puissant, aussi étendu à travers toute la galaxie. C'est dans sa capitale, Trantor, que l'éminent savant Hari Seldon invente la psychohistoire, une science nouvelle permettant de prédire l'avenir. Grâce à elle, Seldon prévoit l'effondrement de l'Empire d'ici cinq siècles, suivi d'une ère de ténèbres de trente mille ans. Réduire cette période à mille ans est peut-être possible, à condition de mener à terme son projet : la Fondation, chargée de rassembler toutes les connaissances humaines. Une entreprise visionnaire qui rencontre de nombreux et puissants détracteurs...", "edition": "Folio SF", "isbn": "9782070360536", "image": "livres/None_Fondation_20250613192505.jpg", "auteurs": [5], "tags": [1, 5]}}, {"model": "api.livre", "pk": 2, "fields": {"nom": "La sombre forêt d'Amouranth", "date_sortie": "2025-06-13", "nombre_pages": 200, "synopsis": "On dit que dans certaines contrées oubliées, la forêt peut vous avaler tout entier — non par la violence, mais par la lenteur d’un plaisir qui enroule, qui coule, qui consume.\r\n\r\nÉlias, jeune naturaliste en exil volontaire, pensait ne venir que pour étudier la flore d’un territoire banni des cartes. Ce qu’il découvre dépasse l’imaginable : une jungle chaude, suintante, où chaque racine semble gémir sous ses pas, où les feuillages s’ouvrent comme des lèvres, humides, accueillantes. La sombre forêt d’Amouranth ne se laisse pas explorer. Elle se laisse pénétrer.\r\n\r\nElle est vivante. Sensuelle. Et au cœur de ses clairières moites règne une créature divine, charnelle, souveraine : Amouranth. Nue sous des voiles de brume, ses gestes sont des incantations, sa voix une caresse qui glisse entre les cuisses de l’esprit. Elle l’invite. L’aspire. L’enlace. Chaque nuit, la forêt devient théâtre de rituels où le corps d’Élias est offert, tendu, noué, libéré.\r\n\r\nMais peut-on aimer un sanctuaire ? Peut-on désirer un mythe jusqu’à s’y dissoudre ? Dans ce royaume de chair végétale, l’extase a un goût de sève et de sexe, et le retour n’est pas garanti.", "edition": "Edition Sex 2025", "isbn": "1", "image": "livres/2_La_sombre_forêt_dAmouranth_20250613194656.webp", "auteurs": [2], "tags": [1, 6]}}, {"model": "api.livre", "pk": 3, "fields": {"nom": "Ça", "date_sortie": "2002-02-06", "nombre_pages": 799, "synopsis": "Enfants, dans leur petite ville de Derry, Ben, Eddie, Richie et la petite bande du « Club des ratés », comme ils se désignaient, ont été confrontés à l'horreur absolue: ça, cette chose épouvantable, tapie dans les égouts et capable de déchiqueter vif un garçonnet de six ans...\r\nVingt-sept ans plus tard, l'appel de l'un d'entre eux les réunit sur les lieux de leur enfance. Car l'horreur, de nouveau, se déchaîne, comme si elle devait de façon cyclique et régulière frapper la petite cité.\r\nEntre le passé et le présent, l'enfance et l'âge adulte, l'oubli des terreurs et leur insoutenable retour, l'auteur de Sac d'os nous convie à un fascinant voyage vers le Mal, avec une de ses oeuvres les plus amples et les plus fortes.", "edition": "Édition 33 - juillet 2022", "isbn": "9782253151340", "image": "livres/None_Ça_20250617094815.jpg", "auteurs": [2], "tags": [1, 7, 8, 9]}}, {"model": "api.livre", "pk": 4, "fields": {"nom": "L'Affaire Charles Dexter Ward", "date_sortie": "2002-01-08", "nombre_pages": 142, "synopsis": "Echappé de Salem lors de la grande chasse aux sorciers, Joseph Curwen vint s'établir à providence où il mourut en 1771. Un siècle et demi plus tard, la découverte de sa tombe par son descendant Charles Dexter Ward sera la première étape d'un drame qui conduira le jeune homme à perdre la raison... Le Dr Marinus B. Willett, un vieil ami de la famille, enquête sur cette étrange affaire où chaque pas en avant vers la découverte de la vérité révèle des horreurs innommables. Pourquoi, par exemple, l'écriture du jeune Ward devient-elle peu à peu semblable à celle de Joseph Curwen, le sorcier ?", "edition": "J'ai Lu", "isbn": "9782290317126", "image": "livres/None_LAffaire_Charles_Dexter_Ward_20250617111952.jpg", "auteurs": [4], "tags": [1, 7, 10]}}, {"model": "api.livre", "pk": 5, "fields": {"nom": "La peur qui rôde et autres nouvelles", "date_sortie": "2024-04-18", "nombre_pages": 113, "synopsis": "Une maison hantée, un orage qui déchire la nuit, des villageois terrifiés par des légendes à vous glacer le sang, des ombres mystérieuses et des secrets pas assez bien gardés... Voici un bref aperçu de l'univers étrage et fantastique dans lequel vous plongeront ces nouvelles.", "edition": "Folio 3€", "isbn": "9782073063786", "image": "livres/None_La_peur_qui_rôde_et_autres_nouvelles_20250625101812.webp", "auteurs": [4], "tags": [1, 7, 10]}}, {"model": "api.livre", "pk": 6, "fields": {"nom": "Dagon et autres récits d'horreur", "date_sortie": "2020-10-01", "nombre_pages": 240, "synopsis": "Treize récits, certains de jeunesse, d'autres de la maturité. Certains parmi les plus célèbres, d'autres plus secrets.\r\nC'est son laboratoire. Là qu'il évoque Edgar Poe, Huysmans ou Baudelaire.\r\nLà qu'il est aussi, plus souvent, sensible au monde du dehors.\r\nEt, chaque fois, une figure du livre. Fou, maudit, perdu, dangereux, mais dans le livre.\r\nEt c'est notre bibliothèque qui prend feu avec nous.", "edition": "Points", "isbn": "9782757887158", "image": "livres/None_Dagon_et_autres_récits_dhorreur_20250625102354.jpg", "auteurs": [4], "tags": [1, 7, 10]}}, {"model": "api.livre", "pk": 7, "fields": {"nom": "Démons et merveilles", "date_sortie": "2002-03-11", "nombre_pages": 320, "synopsis": "\"Comparé à ces contes, Poe ressemble à de la musique de chambre\", à écrit Daniel George. On sait maintenant que Howard Philips Lovecraft est le premier romancier moderne dans l'ordre du fantastique. Les récits qui composent Démons et merveilles sont autant de voyages hallucinants et angoissés à traver cet inconnu que les découvertes scientifiques modernes n'ont réussi qu'à multiplier.", "edition": "10/18", "isbn": "9782264035356", "image": "livres/None_Démons_et_merveilles_20250625102942.jpg", "auteurs": [4], "tags": [1, 7, 10]}}, {"model": "api.livre", "pk": 8, "fields": {"nom": "Le Tertre", "date_sortie": "2024-11-01", "nombre_pages": 190, "synopsis": "Parmi les nombreux textes que H. P. Lovecraft aura écrits pour autrui, cette longue nouvelle est de loin la plus importante. En 1929, sa cliente Zealia Bishop, familière des grandes plaines arides de l'Oklahoma, lui commande un récit basé sur une légende indienne. De quelques lignes indicatives, le maître du fantastique moderne tire une formidable épopée miniature, où un aventurier espagnol du XVIe siècle fait la découverte d'un prodigieux monde souterrain et d'une civilisation d'origine extraterrestre aux moeurs souvent glaçantes.\r\nOn y retrouve toute la science de l'horreur, toute l'invention et la poésie cosmiques de l'auteur de Providence, Le Tertre constituant d'ailleurs une étape cruciale dans la cristallisation de sa \"mythologie\" - même si les Anciens y ressemblent à des Aztèques et que Cthulhu s'y appelle Tulu. Il s'agit, tout simplement, du chef-d'oeuvre que Lovecraft n'a jamais signé.", "edition": "Rivages poche Petite Bibliothèque", "isbn": "9782743664770", "image": "livres/None_Le_Tertre_20250625104230.jpg", "auteurs": [4], "tags": [1, 7, 10]}}, {"model": "api.livre", "pk": 9, "fields": {"nom": "Necronomicon", "date_sortie": "2023-10-04", "nombre_pages": 889, "synopsis": "« Ceci est le témoignage de tout ce que j’ai vu, et de tout ce que j’ai appris. Je dois noter tout ce que je peux à propos des horreurs qui hantent le monde extérieur. Et si je ne parviens pas à achever ma tâche, servez-vous de ce que vous trouverez ici pour découvrir le reste, car le temps est compté et l’humanité ne sait pas quelles calamités sont sur le point de s’abattre sur elle. QUE LES DIEUX VOUS ACCORDENT DE MOURIR AVANT QUE LES GRANDS ANCIENS RÈGNENT DE NOUVEAU SUR LA TERRE ! »\r\n\r\nCet avertissement n’est pas à prendre à la légère. Vous tenez entre vos mains l’édition ultime du terrible Necronomicon, le livre occulte auquel H.P. Lovecraft fait référence à travers toute son oeuvre. Après presque un siècle de spéculations sur son existence, des découvertes effroyables ne laissent plus de place au doute : le Necronomicon existe.\r\n\r\nVous trouverez dans ce recueil inédit en France :\r\n\r\n* Les Noms morts : l’histoire secrète du Necronomicon dans tous ses détails, les origines de l’ouvrage maudit et les circonstances de sa découverte et de son édition.\r\n\r\n* Le Necronomicon : la traduction fidèle et intégrale.\r\n\r\n* Le Livre de sorts du Necronomicon : un grimoire pour pratiquer les sciences occultes… à vos risques et périls.\r\n\r\n* Les Portes du Necronomicon : un document qui permet d’en savoir davantage sur les origines des différents rituels décrits dans le Necronomicon et sur les précautions à prendre. Un guide essentiel.\r\n\r\n* Un cahier d’illustrations couleur inspirées par le Necronomicon. Une édition exceptionnelle et indispensable pour tous ceux qui sont prêtsà découvrir ce qui n’aurait jamais dû être rêvé.", "edition": "Bragelonne", "isbn": "9791028115319", "image": "livres/None_Necronomicon_20250625111128.jpg", "auteurs": [7], "tags": [1, 7, 10]}}, {"model": "api.livre", "pk": 10, "fields": {"nom": "Le Cauchemar d'Innsmouth", "date_sortie": "2021-04-07", "nombre_pages": 160, "synopsis": "Au cours de l'hiver 1927, un voyageur s'aventure dans le port désacfecté d'Innsmouth, irrésistiblement attiré par les rumeurs troubles qui entourent ce lieu sinistre. Hantée par des êtres à l'allure grotesque et inquiétante, hostiles à toute présence étrangère, la ville fantôme semble exercer une emprise maléfique sur ses habitants. Nombre de curieux ont disparu en s'intéressant de trop près à ce mystère. En dépit de mises en gardes répétées, le voyageur entreprend de déterrer les secrets qui se cachent sous la surface pourrissante d'Innsmouth. Mais les horreurs qu'il découvre risquent de lui ôter la vie et la raison...", "edition": "Bragelonne", "isbn": "9791028116996", "image": "livres/None_Le_Cauchemar_dInnsmouth_20250625111830.jpg", "auteurs": [4], "tags": [1, 7, 10]}}, {"model": "api.livre", "pk": 11, "fields": {"nom": "L'horreur de Dunwich", "date_sortie": "2023-03-02", "nombre_pages": 96, "synopsis": "Dunwich, petit village lugubre cerné par les collines du Massachusetts, est le théâtre d’événements étranges et inquiétants. Le mystère plane autour de la naissance de Wilbur Whateley et le mauvais sort semble s’acharner sur sa famille. Après une enfance solitaire, Wilbur, guidé par ses instincts maléfiques, dérobe un livre de sorcellerie, le Necronomicon...", "edition": "Folio 3€", "isbn": "9782073013217", "image": "livres/None_Lhorreur_de_Dunwich_20250625112728.jpg", "auteurs": [4], "tags": [1, 7, 10]}}, {"model": "api.livre", "pk": 12, "fields": {"nom": "Les Montagnes Hallucinées", "date_sortie": "2002-09-19", "nombre_pages": 256, "synopsis": "Au cours d'une expédition en antarctique, deux scientifiques mettent au jour, derrière une chaîne de montagnes en apparence infranchissable, les vestiges d'une ancienne cité aux proportions gigantesques. Pendant cinq ans, un vénérable professeur d'université devient la proie d'étranges visions. Cherchant à comprendre ce qui l'a « possédé », il découvre en Australie des ruines plus qu'antédiluviennes cachées au regard des hommes.\r\nEn visitant les dédales et recoins de ces lieux maudits, tous vont observer des fresques évoquant l'arrivée sur terre d'entités d'outre-espace. Et constater que la menace de les voir reprendre le contrôle de la planète existe toujours...", "edition": "J'ai Lu", "isbn": "9782290319055", "image": "livres/None_Les_Montagnes_Hallucinées_20250625113343.jpg", "auteurs": [4], "tags": [1, 7, 10]}}, {"model": "api.livre", "pk": 13, "fields": {"nom": "Celui qui chuchotait dans les ténèbres", "date_sortie": "2023-02-02", "nombre_pages": 128, "synopsis": "Des voix inquiétantes qui hantent les collines, de mystérieuses empreintes de pas, une grosse pierre noire gravée de hiéroglyphes à demi-effacés... Un professeur de littérature, passionné par les légendes et le folklore de la Nouvelle-Angleterre, découvre le secret d'étranges créatures dissimulées dans les bois obscurs et plonge dans un univers terrifiant.", "edition": "Folio 3€", "isbn": "9782073013286", "image": "livres/None_Celui_qui_chuchotait_dans_les_ténèbres_20250625113716.webp", "auteurs": [4], "tags": [1, 7, 10]}}, {"model": "api.livre", "pk": 14, "fields": {"nom": "Dans l'Abîme du Temps", "date_sortie": "2020-10-01", "nombre_pages": 144, "synopsis": "Alors nous y voilà.\r\nUn monde où toutes les peurs peuvent surgir du contexte le plus ordinaire et qui nous livre en même temps le plus étrange quotidien de l’Amérique début de siècle.\r\nDes monstres dans les replis de la mer ou les fonds reculés de la terre, la possibilité de traversées du temps, l’étonnement de mondes précédant le nôtre.\r\nMais tout cela au nom d’un mystère autrement plus haut, celui de la littérature elle-même, qui nous fait en appeler à l’histoire qu’on vous raconte, pour tenir dans le désarroi du monde.", "edition": "Points", "isbn": "9782757887110", "image": "livres/None_Dans_lAbîme_du_Temps_20250625114045.jpg", "auteurs": [4], "tags": [1, 7, 10]}}, {"model": "api.livre", "pk": 15, "fields": {"nom": "Une Brève Histoire du Temps", "date_sortie": "2022-11-09", "nombre_pages": 288, "synopsis": "Premier livre de Stephen Hawking écrit à l'intention du non-spécialiste, succès incontournable dès sa parution, Une brève histoire du temps présente dans un langage simple et accessible les développements contemporains de l'astrophysique. Retraçant les grandes théories du cosmos, de Galilée et Newton à Einstein et Poincaré, racontant les avancées prodigieuses de la recherche sur l'espace et le temps, expliquant la nature des trous noirs, il propose de relever le plus grand défi de la science moderne : la quête d'une théorie unitaire unifiant la relativité générale et la mécanique quantique.", "edition": "Champs", "isbn": "9782080297136", "image": "livres/None_Une_Brève_Histoire_du_Temps_20250625121358.webp", "auteurs": [8], "tags": [1, 12]}}, {"model": "api.livre", "pk": 16, "fields": {"nom": "L'Appel de Cthulhu", "date_sortie": "2022-03-02", "nombre_pages": 80, "synopsis": "Boston, 1926. Suite au décès, dans des circonstances étranges, de son grand-oncle, Francis Thurston découvre dans les documents dont il hérite l’existence d’une secte vouant un culte à une créature innommable, endormie depuis des millions d’années.\r\nSacrifices indicibles pratiqués dans les bayous de Louisiane, meurtres mystérieux perpétrés dans divers endroits du globe, artistes sombrant dans la démence après des visions nocturnes terrifiantes, renaissance de cultes ancestraux et surtout, une cité cyclopéenne surgissant de l’océan lors d’une tempête… Thurston va comprendre peu à peu que les recherches de son grand-oncle concernant le culte de Cthulhu étaient bien trop proches de la vérité et que, dans l’ombre, des adeptes œuvrent au réveil de leur dieu païen, prêts à faire déferler la folie et la destruction sur le monde.\r\nLes astres sont alignés. La fin est-elle proche ?\r\n \r\nAvec cette nouvelle, Lovecraft écrit dans les années vingt l’une des plus fameuses histoires de la littérature fantastique américaine. Cthulhu, le grand ancien qui rêve et attend au fond des noirs abysses océaniques, deviendra à lui seul le symbole de tout l’univers créé par l’auteur de Providence.\r\nFasciné depuis toujours par cet univers de monstres tapis dans les recoins les plus sombres et de créatures titanesques dont la seule vue suffit à vous faire sombrer dans la folie, François Baranger, illustrateur reconnu dans le monde pour ses talents de concept-artist pour le cinéma et le jeu vidéo, s’est attelé à la tâche « cyclopéenne » de mettre en image les principaux récits de H.P. Lovecraft.", "edition": "Illustré Bragelonne", "isbn": "9791028117849", "image": "livres/None_LAppel_de_Cthulhu_20250710120800.jpg", "auteurs": [4], "tags": [1, 7, 9, 11]}}, {"model": "api.livre", "pk": 17, "fields": {"nom": "Charlie", "date_sortie": "2007-07-09", "nombre_pages": 608, "synopsis": "Un homme et une femme font l'objet d'une expérience scientifique ultrasecrète du gouvernement américain sur les pouvoirs psychiques. Tout a été prévu sauf que cet homme et cette femme auraient un an plus tard une fille : Charlie. Elle a huit ans, elle peut anéantir le monde, il lui suffit de le vouloir... Un des personnages les plus envoûtants de Stephen King, le génie de l'épouvante.", "edition": "Livre de Poche", "isbn": "9782253151654", "image": "livres/None_Charlie_20250716130216.webp", "auteurs": [2], "tags": [1, 7, 10]}}, {"model": "api.livre", "pk": 18, "fields": {"nom": "Salem", "date_sortie": "2009-02-25", "nombre_pages": 832, "synopsis": "« Salem est l’un de mes meilleurs romans, l’un des plus effrayants aussi. Alors, éteignez la télévision, et parlons vampires dans la pénombre, je pense pouvoir vous faire croire en leur existence. » Stephen King, juin 2005.\r\n\r\nLe Maine, 1970. Ben Mears revient à Salem et s’installe à Marsten House, inhabitée depuis la mort tragique de ses propriétaires, vingt-cinq ans auparavant. Mais, très vite, il doit se rendre à l’évidence : il se passe des choses étranges dans cette petite bourgade. Un chien est immolé, un enfant disparaît, et l’horreur s’infiltre, se répand, aussi inéluctable que la nuit qui descend sur Salem.\r\n\r\nEn bonus : Deux nouvelles inédites sur le village de Salem. De nombreuses scènes coupées que Stephen King souhaitait faire découvrir à son public.", "edition": "Livre de Poche", "isbn": "9782253124993", "image": "livres/None_Salem_20250716155823.webp", "auteurs": [2], "tags": [1, 7, 10]}}, {"model": "api.livre", "pk": 19, "fields": {"nom": "Carrie", "date_sortie": "2010-01-06", "nombre_pages": 288, "synopsis": "Carrie White, dix-sept ans, solitaire, timide et pas vraiment jolie, vit un calvaire : elle est victime du fanatisme religieux de sa mère et des moqueries incessantes de ses camarades de classe. Sans compter ce don, cet étrange pouvoir de déplacer les objets à distance, bien qu’elle le maîtrise encore avec diffi culté... Un jour, cependant, la chance paraît lui sourire. Tommy Ross, le seul garçon qui semble la comprendre et l’aimer, l’invite au bal de printemps de l’école. Une marque d’attention qu’elle n’aurait jamais espérée, et peut-être même le signe d’un renouveau ! Loin d'être la souillonne que tous fustigent, elle resplendit et se sent renaître à la vie. Mais c'est compter sans la mesquinerie des autres élèves. Cette invitation, trop belle pour être vraie, ne cache-t-elle pas un piège plus cruel encore que les autres ?", "edition": "Livre de Poche", "isbn": "9782253096764", "image": "livres/None_Carrie_20250716161956.webp", "auteurs": [2], "tags": [1, 7, 10]}}, {"model": "api.livre", "pk": 20, "fields": {"nom": "Superintelligence", "date_sortie": "2024-09-01", "nombre_pages": 600, "synopsis": "Que se passera-t-il quand les machines surpasseront l’intelligence humaine? Les robots vont-ils nous sauver ou nous détruire ?\r\nIsaac Asimov l’avançait dès 1942 avec ses trois lois de la robotique : l’intelligence artificielle doit être contrôlée au plus profond de ses fondements pour qu’elle ne puisse jamais s’attaquer à l’Homme. Mais comment s’assurer qu’une superintelligence ne se révèlera pas hostile à la survie de l’humanité ?\r\nDans cet ouvrage unique, best-seller international traduit en dix-neuf langues, Nick Bostrom nous révèle les difficultés que la recherche d’une intelligence supérieure va nous poser et comment les résoudre. Il s’agit sans doute du plus grand défi\r\nauquel l’humanité aura à faire face. Il faut s’y préparer.", "edition": "Dunod Poche", "isbn": "9782100869602", "image": "livres/None_Superintelligence_20250729181826.jpeg", "auteurs": [9], "tags": [1]}}, {"model": "api.livre", "pk": 21, "fields": {"nom": "La Métamorphose", "date_sortie": "2004-05-05", "nombre_pages": 100, "synopsis": "Lorsque Gregor Samsa s'éveille un matin, après une nuit agitée, il doit se rendre à l'évidence : il est bel et bien métamorphosé. Doté d'une épaisse carapace d'où s'échappent de pitoyables petites pattes. Lugubre plaisanterie ? Hélas !\r\nPlutôt une ultime défense contre ceux qui, certes, ne sont pas des monstres, mais de vulgaires parasites. Les siens, en somme - père, mère, soeur -, dont l'ambition est de l'éliminer après avoir contribué à l'étouffer.\r\nDans la seconde nouvelle, l'expérimentation se fait en direct : un soldat est le jouet d'une machine infernale.", "edition": "Librio Littérature", "isbn": "9782290335338", "image": "livres/None_La_Métamorphose_20250729232251.jpg", "auteurs": [10], "tags": [1, 13]}}, {"model": "api.livre", "pk": 22, "fields": {"nom": "Fuck Up", "date_sortie": "2024-09-05", "nombre_pages": 336, "synopsis": "Décontracté, mélancolique, roublard et attachant, Fuck Up a connu une drôle d’histoire : publié dans une maison new-yorkaise underground, il a rencontré par bouche-à-oreille un très grand succès.\r\nQue trouve-t-on dans ce premier roman ? Un héros loin d’être parfait qui, largué par sa petite amie et sans boulot, se met à errer dans l’East Village et ses cinémas miteux, trouvant un lit au fil de rencontres avec la faune locale : écrivain raté, yuppie de Wall Street, éditeur snob, gourou new age, réalisateur arty… Notre héros, lui, cherche sa voie et s’invente une vie au gré des situations. Mais à trop marcher au hasard, on arrive au bord de l’abîme.", "edition": "10/18", "isbn": "9782264084620", "image": "livres/None_Fuck_Up_20250729233251.jpg", "auteurs": [11], "tags": [1]}}, {"model": "api.livre", "pk": 23, "fields": {"nom": "Le Chat noir et autres nouvelles", "date_sortie": "2024-08-21", "nombre_pages": 128, "synopsis": "Un chat noir martyrisé, un nain humilié par les puissants, un homme emmuré vivant par celui qui se prétend son ami… Tour à tour cruels, sordides ou bouffons, ces courts récits d’inspiration fantastique rappellent le talent absolu d’Edgar Allan Poe en matière de romantisme noir. Dans une prose poétique et vénéneuse, sublimée par la traduction de Charles Baudelaire, il révèle la part d’étrangeté et de folie qui sommeille en chaque homme.\r\nCe recueil rassemble six nouvelles troublantes : Le Chat noir, Hop-Frog, L’Ange du bizarre, La Barrique d’amontillado, Petite discussion avec une momie et L’Homme des foules.", "edition": "Librio 2€", "isbn": "9782290409541", "image": "livres/None_Le_Chat_noir_et_autres_nouvelles_20250729234731.jpg", "auteurs": [12], "tags": [1]}}, {"model": "api.livre", "pk": 24, "fields": {"nom": "Le Tour du monde en 80 jours", "date_sortie": "2023-04-26", "nombre_pages": 288, "synopsis": "L’imprévu n’existe pas, Phileas Fogg compte bien le prouver. Tout repose sur cet audacieux pari : faire le tour du monde en quatre-vingts jours, et pas une seconde de plus ! Accompagné de Passepartout, son serviteur, il devra affronter de nombreux contretemps. Pour ne rien arranger, un détective se lance à sa poursuite, bien décidé à l’arrêter…\r\nDans ce roman de voyage et d’aventures, Jules Verne met en lumière l’évolution des transports à l’époque de la révolution industrielle.", "edition": "Librio 3€", "isbn": "9782290390399", "image": "livres/None_Le_Tour_du_monde_en_80_jours_20250729235506.jpg", "auteurs": [13], "tags": [1]}}, {"model": "api.livre", "pk": 25, "fields": {"nom": "Five Nights at Freddy's: The Silver Eyes", "date_sortie": "2016-09-27", "nombre_pages": 400, "synopsis": "Ten year after the horrific murders at Freddy Fazbear's Pizza that ripped their town apart, Charlie, whose father owned the restaurant, and her childhood friends reunite on the anniversary of the tragedy and find themselves at the old pizza place, which had been locked up and abandoned for years. After they realize that things are not as they used to be. The four adult-sized animatronic mascots that once entertained patrons have changed. They now have a dark secret... and a murderous agenda.", "edition": "Scholastic", "isbn": "9789354711244", "image": "livres/None_Five_Nights_at_Freddys_1_The_Silver_Eyes_20250731204235.webp", "auteurs": [14, 15], "tags": [1, 7]}}, {"model": "api.livre", "pk": 26, "fields": {"nom": "Five Nights at Freddy's: The Twisted Ones", "date_sortie": "2017-06-20", "nombre_pages": 298, "synopsis": "It's been a year since the horrific events at Freddy Fazbear's Pizza, and Charlie is just trying to move on. Even with the excitement of a new school and a fresh start, she's still haunted by nightmares of a masked murderer and four gruesome animatronic puppets. Charlie thinks her ordeal is over, but when a series of bodies is discovered near her school bearing wounds that are disturbingly familiar she finds herself drawn back into the world of her father's frightening creations. Something twisted is hunting Charlie, and this time, if it finds her, it's not letting her go.", "edition": "Scholastic", "isbn": "9789354711190", "image": "livres/None_Five_Nights_at_Freddys_The_Twisted_Ones_20250731205642.webp", "auteurs": [14, 15], "tags": [1, 7]}}, {"model": "api.livre", "pk": 27, "fields": {"nom": "Five Nights at Freddy's: The Fourth Closet", "date_sortie": "2018-06-26", "nombre_pages": 348, "synopsis": "What really happened to Charlie? It's the question that John can't seem to shake, along with the nightmares of Charlie's seeming death and miraculous reappearance. John just wants to forget the whole terrifying saga of Freddy Fazbear's Pizza, but the past isn't so easily buried.\r\nMeanwhile, there's a new animatronic pizzeria opening in Hurricane, along with a new rash of kidnappings that feel all too familiar. Bound together by their childhood loss, John reluctantly teams up with Jessica, Marla, and Carlton to solve the case and find the missing children. Along the way, they'll unravel the twisted mystery of what really happened to Charlie, and the haunting legacy of her father's creations.", "edition": "Scholastic", "isbn": "9789354711183", "image": "livres/None_Five_Nights_at_Freddys_The_Fourth_Closet_20250731210342.webp", "auteurs": [14, 15], "tags": [1, 7]}}, {"model": "api.livre", "pk": 28, "fields": {"nom": "Mathematica", "date_sortie": "2022-01-21", "nombre_pages": 368, "synopsis": "Contre les idées reçues qui en font une discipline élitiste, intimidante et abstraite, David Bessis montre que les mathématiques sont humaines et à la portée de tous ; il présente ici une manière sensible et radicalement nouvelle de les aborder.\r\n\r\nPlus qu’un savoir, les mathématiques sont une pratique et même une activité physique. Il n’existe pas de talent inné et il faut croire les plus grands mathématiciens quand ils disent ne posséder aucun don spécial mais une immense capacité à mobiliser leur curiosité, leur imagination et leur intuition.\r\n\r\nPar des exemples simples et étonnants, l'auteur relie son expérience mathématique aux grands apprentissages de la vie : observer, parler, marcher ou encore manger avec une cuillère. Comprendre les mathématiques, c’est voir et sentir, c’est parcourir un chemin secret qui ramène à notre plasticité mentale enfantine.\r\n\r\nEntre le récit initiatique et l’essai subversif, Mathematica est un livre puissant et accessible à tous, philosophique et imagé, sur notre capacité à construire nous-mêmes notre intelligence.", "edition": "Seuil", "isbn": "9782021493979", "image": "livres/None_Mathematica_20250805064926.jpg", "auteurs": [16], "tags": [1]}}, {"model": "api.user", "pk": 1, "fields": {"password": "pbkdf2_sha256$870000$1oakK86b5q5GGGzWcy37TB$bdMV0OvnXlXDor6o+M8er7Hrof80cgWK80ml1cD1Tmk=", "last_login": "2025-08-05T06:45:19.119Z", "is_superuser": true, "username": "constantin", "first_name": "", "last_name": "", "email": "", "is_staff": true, "is_active": true, "date_joined": "2025-06-07T19:30:02.760Z", "date_naissance": "2003-02-02", "cacher_pour_adulte": true, "groups": [], "user_permissions": [], "liste_de_souhaits": [1]}}, {"model": "api.user", "pk": 2, "fields": {"password": "pbkdf2_sha256$870000$WeL4lZ8xUf9549MkN8i7qB$s3+wWfQGZmbiR2xMCqzMTGqkgHPAxNrFPfk88tq9UiQ=", "last_login": "2025-06-10T20:52:04.775Z", "is_superuser": false, "username": "Mushroom45", "first_name": "", "last_name": "", "email": "", "is_staff": false, "is_active": true, "date_joined": "2025-06-10T20:51:39.147Z", "date_naissance": "2002-05-27", "cacher_pour_adulte": true, "groups": [1], "user_permissions": [], "liste_de_souhaits": []}}, {"model": "api.user", "pk": 3, "fields": {"password": "pbkdf2_sha256$870000$BPn4Pi6GSaraonXAGg92sg$+46noeIAisiE1LIDAUloHP94/pyLo05NGMeDbjuuKvA=", "last_login": "2025-06-13T19:20:20.866Z", "is_superuser": false, "username": "FanAsimov", "first_name": "", "last_name": "", "email": "", "is_staff": false, "is_active": true, "date_joined": "2025-06-13T19:19:42.693Z", "date_naissance": "2003-12-02", "cacher_pour_adulte": false, "groups": [1], "user_permissions": [], "liste_de_souhaits": [1]}}, {"model": "api.user", "pk": 4, "fields": {"password": "pbkdf2_sha256$870000$wAmoEObuseoCzqwVsq26mK$KLV12qlWg5fQQAXrLajfr1vJ2vaNs75bhHns6IY/49Y=", "last_login": "2025-06-13T19:35:37.939Z", "is_superuser": false, "username": "quivoilaje", "first_name": "", "last_name": "", "email": "", "is_staff": false, "is_active": true, "date_joined": "2025-06-13T19:35:31.165Z", "date_naissance": "1000-01-01", "cacher_pour_adulte": false, "groups": [1], "user_permissions": [], "liste_de_souhaits": []}}, {"model": "api.user", "pk": 5, "fields": {"password": "pbkdf2_sha256$870000$IvsaMjLECTQ9kno26lCAoe$QKt2RW7H+v9S+KIjH/oUPSifQ31KHCauM+q6hz1MqgE=", "last_login": "2025-06-13T22:37:06.059Z", "is_superuser": false, "username": "louis.noel", "first_name": "", "last_name": "", "email": "", "is_staff": false, "is_active": true, "date_joined": "2025-06-13T22:36:55.448Z", "date_naissance": "1111-11-11", "cacher_pour_adulte": false, "groups": [], "user_permissions": [], "liste_de_souhaits": []}}, {"model": "api.user", "pk": 6, "fields": {"password": "pbkdf2_sha256$870000$pDgP7uqoKr4qSBnjPUT9FJ$aO7c6voU9J4Vo3SQF4d5LQJ2XWl19VVWRAAP67eTYNQ=", "last_login": "2025-06-17T11:25:25.701Z", "is_superuser": false, "username": "Asriel71_", "first_name": "", "last_name": "", "email": "", "is_staff": false, "is_active": true, "date_joined": "2025-06-17T11:25:19.110Z", "date_naissance": "2001-07-12", "cacher_pour_adulte": true, "groups": [1], "user_permissions": [], "liste_de_souhaits": []}}, {"model": "api.user", "pk": 7, "fields": {"password": "pbkdf2_sha256$870000$oBB79bK5B3zlv738qsGflK$iQNKeLXyNlOTdEJRhBj/2HcjkQxu34C4QBwVIjHZ9C8=", "last_login": "2025-06-17T22:12:53.047Z", "is_superuser": false, "username": "Ejento", "first_name": "", "last_name": "", "email": "", "is_staff": false, "is_active": true, "date_joined": "2025-06-17T22:12:40.110Z", "date_naissance": "2002-05-12", "cacher_pour_adulte": true, "groups": [], "user_permissions": [], "liste_de_souhaits": []}}, {"model": "api.user", "pk": 8, "fields": {"password": "pbkdf2_sha256$870000$sdQ69yx7PLMDbPDm9JOfjK$X7g/dInPHl/Z2m5Ga4hHeBEuyRC6tiWMzjtMYs/+x7Y=", "last_login": "2025-06-28T12:08:20.155Z", "is_superuser": false, "username": "Plumatachi", "first_name": "", "last_name": "", "email": "", "is_staff": false, "is_active": true, "date_joined": "2025-06-28T12:08:15.111Z", "date_naissance": "2003-08-08", "cacher_pour_adulte": true, "groups": [], "user_permissions": [], "liste_de_souhaits": []}}, {"model": "api.lecture", "pk": 1, "fields": {"date_debut": "2025-08-16", "date_fin": null, "statut": "en cours", "note": null, "marque_pages": null, "commentaire": "", "livre": 1, "lecteur": 1}}, {"model": "api.lecture", "pk": 2, "fields": {"date_debut": null, "date_fin": null, "statut": "lu", "note": 5, "marque_pages": null, "commentaire": "", "livre": 1, "lecteur": 3}}, {"model": "api.lecture", "pk": 3, "fields": {"date_debut": null, "date_fin": "2025-06-16", "statut": "lu", "note": 5, "marque_pages": null, "commentaire": "C'est ma première lecture venant de Stephen King et je dois dire que je comprends pourquoi cet homme est le roi dans son domaine. L'écriture est parfaite et chaque détail a son importance dans l'histoire pour conditionner le lecteur face à des situations à venir. Ce livre nous happe tout entier dans une histoire étrange, passionnante et horrifique à souhait. Ça est un incontournable et je comprends maintenant pourquoi. Si vous ne l'avez pas encore lu, foncez !", "livre": 3, "lecteur": 1}}, {"model": "api.lecture", "pk": 4, "fields": {"date_debut": "2025-06-17", "date_fin": null, "statut": "lu", "note": 5, "marque_pages": 24, "commentaire": "À travers cette histoire profondément prenante et extrêmement bien réfléchie, Lovecraft nous emmène une fois de plus dans son monde sombre et unique de la meilleure manière qui soit. L'Affaire Charles Dexter Ward est une de ses plus grande réussite et confirme les dires de Stephen King au sujet de H. P. Lovecraft comme étant \"le plus grand artisan du récit classique d'horreur du vingtième siècle\" et nous fait comprendre comment l'auteur de Ça tire son inspiration de ce grand architecte.", "livre": 4, "lecteur": 1}}, {"model": "api.lecture", "pk": 5, "fields": {"date_debut": null, "date_fin": null, "statut": "lu", "note": 3, "marque_pages": 113, "commentaire": "", "livre": 5, "lecteur": 1}}, {"model": "api.lecture", "pk": 6, "fields": {"date_debut": "2025-07-15", "date_fin": null, "statut": "en cours", "note": null, "marque_pages": 11, "commentaire": "", "livre": 6, "lecteur": 1}}, {"model": "api.lecture", "pk": 7, "fields": {"date_debut": null, "date_fin": null, "statut": "a lire", "note": null, "marque_pages": null, "commentaire": null, "livre": 7, "lecteur": 1}}, {"model": "api.lecture", "pk": 8, "fields": {"date_debut": null, "date_fin": null, "statut": "a lire", "note": null, "marque_pages": null, "commentaire": null, "livre": 8, "lecteur": 1}}, {"model": "api.lecture", "pk": 9, "fields": {"date_debut": null, "date_fin": null, "statut": "a lire", "note": null, "marque_pages": null, "commentaire": null, "livre": 9, "lecteur": 1}}, {"model": "api.lecture", "pk": 10, "fields": {"date_debut": null, "date_fin": null, "statut": "lu", "note": 5, "marque_pages": null, "commentaire": "Un bon début du survival horror.", "livre": 10, "lecteur": 1}}, {"model": "api.lecture", "pk": 11, "fields": {"date_debut": null, "date_fin": null, "statut": "a lire", "note": null, "marque_pages": null, "commentaire": null, "livre": 11, "lecteur": 1}}, {"model": "api.lecture", "pk": 12, "fields": {"date_debut": null, "date_fin": null, "statut": "a lire", "note": null, "marque_pages": null, "commentaire": null, "livre": 12, "lecteur": 1}}, {"model": "api.lecture", "pk": 13, "fields": {"date_debut": null, "date_fin": null, "statut": "lu", "note": 5, "marque_pages": null, "commentaire": "Une œuvre inspirante.", "livre": 13, "lecteur": 1}}, {"model": "api.lecture", "pk": 14, "fields": {"date_debut": null, "date_fin": null, "statut": "lu", "note": 4, "marque_pages": null, "commentaire": "Cette nouvelle m'a moins plus que les autres histoires de Lovecraft que j'ai pu lire mais l'idée reste très créative et inspirante.", "livre": 14, "lecteur": 1}}, {"model": "api.lecture", "pk": 15, "fields": {"date_debut": null, "date_fin": null, "statut": "en cours", "note": null, "marque_pages": 65, "commentaire": "", "livre": 15, "lecteur": 1}}, {"model": "api.lecture", "pk": 16, "fields": {"date_debut": null, "date_fin": null, "statut": "lu", "note": 5, "marque_pages": 80, "commentaire": "", "livre": 16, "lecteur": 1}}, {"model": "api.lecture", "pk": 17, "fields": {"date_debut": null, "date_fin": null, "statut": "a lire", "note": null, "marque_pages": null, "commentaire": null, "livre": 17, "lecteur": 1}}, {"model": "api.lecture", "pk": 18, "fields": {"date_debut": null, "date_fin": null, "statut": "a lire", "note": null, "marque_pages": null, "commentaire": null, "livre": 18, "lecteur": 1}}, {"model": "api.lecture", "pk": 19, "fields": {"date_debut": "2025-07-19", "date_fin": "2025-07-29", "statut": "lu", "note": 4, "marque_pages": 288, "commentaire": "", "livre": 19, "lecteur": 1}}, {"model": "api.lecture", "pk": 20, "fields": {"date_debut": null, "date_fin": null, "statut": "a lire", "note": null, "marque_pages": null, "commentaire": null, "livre": 20, "lecteur": 1}}, {"model": "api.lecture", "pk": 21, "fields": {"date_debut": null, "date_fin": "2025-08-01", "statut": "lu", "note": 4, "marque_pages": 100, "commentaire": "J'ai pas tout compris mais le peu que j'ai compris était très intéressant.", "livre": 21, "lecteur": 1}}, {"model": "api.lecture", "pk": 22, "fields": {"date_debut": null, "date_fin": null, "statut": "a lire", "note": null, "marque_pages": null, "commentaire": null, "livre": 22, "lecteur": 1}}, {"model": "api.lecture", "pk": 23, "fields": {"date_debut": null, "date_fin": null, "statut": "a lire", "note": null, "marque_pages": null, "commentaire": null, "livre": 23, "lecteur": 1}}, {"model": "api.lecture", "pk": 24, "fields": {"date_debut": null, "date_fin": null, "statut": "a lire", "note": null, "marque_pages": null, "commentaire": null, "livre": 24, "lecteur": 1}}, {"model": "api.lecture", "pk": 25, "fields": {"date_debut": null, "date_fin": null, "statut": "en cours", "note": null, "marque_pages": 48, "commentaire": "", "livre": 25, "lecteur": 1}}, {"model": "api.lecture", "pk": 26, "fields": {"date_debut": null, "date_fin": null, "statut": "a lire", "note": null, "marque_pages": null, "commentaire": null, "livre": 26, "lecteur": 1}}, {"model": "api.lecture", "pk": 27, "fields": {"date_debut": null, "date_fin": null, "statut": "a lire", "note": null, "marque_pages": null, "commentaire": null, "livre": 27, "lecteur": 1}}, {"model": "api.lecture", "pk": 28, "fields": {"date_debut": null, "date_fin": "2025-08-05", "statut": "lu", "note": 5, "marque_pages": 368, "commentaire": "", "livre": 28, "lecteur": 1}}]